first_menu,first_menu_sp
뼈없는감자탕,뼈 없는 감자탕
닭곰탕,닭곰탕
콩비지찌개,콩비지찌개
마파두부덮밥,마파 두부 덮밥
돼지국밥,돼지국밥
옛날카레라이스,옛날 카레라이스
통마늘돼지불백,통마늘 돼 지불백
돼지양념구이,돼지 양념구이
가츠동돈부리,가츠 동 돈부리
장조림버터비빔밥,장조림 버터 비빔밥
설렁탕,설렁탕
소고기미역국,소고기 미역국
양지탕,양지탕
육개장,육개장
고추잡채덮밥,고추잡채 덮밥
베이컨갈릭볶음밥,베이컨 갈릭 볶음밥
순두부찌개,순두부 찌개
전주콩나물국밥,전주 콩나물 국밥
참치김치찌개,참치 김치 찌개
소고기숙주볶음,소고기 숙주 볶음
닭보쌈,닭 보쌈
황태해장국,황태 해장국
사골우거지탕,사골 우거지 탕
산채들기름볶음밥,산채 들기름 볶음밥
뼈없는닭갈비,뼈 없는 닭갈비
장터국밥,장터 국밥
두절가자미구이,두절 가자미 구이
부타동,부타 동
닭개장,닭 개장
모듬어묵전골,모듬 어묵 전골
동태매운탕,동태 매운탕
동태지리탕,동태 지리탕
팟카파오무쌉,팟카파오 무쌉
소불고기달걀덮밥,소불고기 달걀 덮밥
소보로비빔밥,소보로 비빔밥
철판백순대볶음,철판 백 순대 볶음
계림닭볶음탕,계림 닭 볶음탕
불고기퀘사디아,불고기 퀘사디아
꼬막영양밥,꼬막 영양밥
돈목살김치찜,돈목살 김치 찜
취나물영양밥,취나물 영양밥
토마토리조또,토마토 리조또
오야꼬동,오야꼬 동
안동국밥,안동 국밥
소고기미나리볶음밥,소고기 미나리 볶음밥
잠발라야볶음밥,잠발라야 볶음밥
순대국밥,순대 국밥
나주곰탕,나주 곰탕
일식커리,일식 커리
소고기된장찌개,소고기 된장 찌개
안동찜닭,안동 찜닭
소고기샤브샤브,소고기 샤브샤브
누룽지봉추찜닭,누룽지 봉추 찜닭
소고기할라피뇨볶음밥,소고기 할라피뇨 볶음밥
매콤제육볶음,매콤 제육 볶음
지파이버거,지파이 버거
잔치국수,잔치 국수
자반고등어구이,자반 고등어 구이
꼬치어묵잔치국수,꼬치 어묵 잔치 국수
나가사끼짬뽕,나가사끼 짬뽕
유부쑥갓잔치국수,유부 쑥 갓 잔치 국수
치즈부대전골,치즈 부대 전골
베테랑칼국수,베테랑 칼국수
닭간장불고기,닭 간장 불고기
야채듬뿍하이라이스,야채 듬뿍 하이라이스
황태미역국,황태 미역국
떡만두국,떡만두국
고갈비구이,고갈비 구이
삼색야끼도리덮밥,삼색 야끼도리 덮밥
오징어볶음덮밥,오징어 볶음 덮밥
고사리오일파스타,고사리 오일 파스타
왕만두떡국,왕만두 떡국
짜글이김치찌개,짜글이 김치찌개
우삼겹깍두기볶음밥,우삼겹 깍두기 볶음밥
참치마요데리야끼덮밥,참치 마요 데리야끼 덮밥
돈까스김치나베,돈까스 김치 나베
멜팅치즈돈까스,멜팅 치즈 돈까스
중국식볶음밥,중국식 볶음밥
느타리버섯비프하이라이스,느타리버섯 비프 하이라이스
마제덮밥,마제 덮밥
매실청돈육불고기,매실청 돈육 불고기
닭볶음탕,닭 볶음탕
철판오징어볶음,철판 오징어 볶음
청국장찌개,청국장 찌개
돈육김치찌개,돈육 김치 찌개
아몬드크럼블돈까스,아몬드 크럼블 돈까스
버섯소불고기,버섯 소 불고기
가지마파두부덮밥,가지 마파두부 덮밥
해물볶음우동,해물 볶음 우동
핫도그떡볶이,핫도그 떡볶이
나시고랭볶음밥,나시고랭 볶음밥
불맛치즈제육덮밥,불맛 치즈 제육 덮밥
경상도식소고기무국,경상도 식 소고기 무국
경상도소고기무국,경상도 소고기 무국
불닭마요덮밥,불닭 마요 덮밥
경양식돈까스,경양식 돈까스
불고기크림리조또,불고기 크림 리조또
소고기샤브샤브전골,소고기 샤브샤브 전골
규동숙주덮밥,규동 숙주 덮밥
볼락한마리구이,볼락 한마리 구이
알리오올리오파스타,알리오 올리오 파스타
반반커리,반반 커리
반반불고기,반반 불고기
시래기되비지찌개,시래기 되비지 찌개
춘천닭갈비,춘천 닭갈비
스팸,스팸
돌솥비빔밥,돌솥 비빔밥
순대전골,순대 전골
돈육콩나물두루치기,돈육 콩나물 두루치기
치즈돈까스,치즈 돈까스
들깨북어콩나물해장국,들깨 북어 콩나물 해장국
스팸김치볶음밥,스팸 김치 볶음밥
몽골리안치킨덮밥,몽골리안 치킨 덮밥
철판순대볶음,철판 순대 볶음
오므라이스,오므라이스
차돌된장찌개,차돌 된장 찌개
쫄우동,쫄 우동
마라탕면,마라 탕면
불닭덮밥,불닭 덮밥
만두전골,만두 전골
불고기할라피뇨볶음밥,불고기 할라피뇨 볶음밥
우렁된장찌개,우렁 된장 찌개
분짜플레터,분짜 플레터
부대찌개,부대 찌개
돈육버섯불고기,돈육 버섯 불고기
육감쫄면,육감 쫄면
명란크림파스타,명란 크림 파스타
비빔막국수,비빔 막국수
훈제오리볶음,훈제 오리 볶음
해물나시고랭,해물 나시고랭
대파육개장,대파 육개장
포크하이라이스,포크 하이라이스
햄마늘쫑볶음밥,햄 마늘쫑 볶음밥
돈목살필라프,돈목살 필라프
나시고랭,나시고랭
돈육매실청불고기,돈육매실청 불고기
고추장삼겹살구이,고추장 삼겹살 구이
키츠네우동,키츠네 우동
제육두루치기,제육 두루치기
유부주머니어묵전골,유부 주머니 어묵전골
매콤국물떡볶이,매콤 국물 떡볶이
삼치구이,삼치 구이
매콤비빔국수,매콤 비빔 국수
오징어돈육불고기,오징어 돈육 불고기
돈육생강장불고기,돈육 생강 장 불고기
소고기깍두기볶음밥,소고기 깍두기 볶음밥
뚝배기불고기,뚝배기 불고기
버섯잡채덮밥,버섯 잡채 덮밥
베이컨크림파스타,베이컨 크림 파스타
산채들기름비빔밥,산채 들기름 비빔밥
우육탕면,우육 탕 면
철판오징어떡볶음,철판 오징어 떡 볶음
사골만두전골,사골 만두 전골
고등어무조림,고등어 무 조림
라따뚜이오므라이스,라따뚜이 오므라이스
하이라이스,하이라이스
고추장삼겹살,고추장 삼겹살
봉추찜닭,봉추 찜닭
불고기핫도그,불고기 핫도그
불고기크림파스타,불고기 크림 파스타
땡초우동,땡초 우동
해물필라프,해물 필라프
부타야끼소바,부타 야끼 소바
옛날자장면,옛날 자장면
돈코츠라멘,돈코츠 라멘
전주식콩나물국밥,전주식 콩나물 국밥
뉴욕칠리핫도그,뉴욕 칠리 핫도그
스팸마요덮밥,스팸 마요 덮밥
스팸에그마요덮밥,스팸 에그 마요 덮밥
열무비빔국수,열무 비빔 국수
소불고기버섯전골,소불고기 버섯 전골
중화풍버섯잡채덮밥,중화풍 버섯 잡채 덮밥
돈육두루치기,돈육 두루치기
타워함박스테이크,타워 함박 스테이크
시래기두루치기덮밥,시래기 두루치기 덮밥
소고기우엉볶음밥,소고기 우엉 볶음밥
철판훈제오리볶음,철판 훈제 오리볶음
자장면,자장면
일식카레우동,일식 카레우동
간장닭불고기,간장 닭불고기
물냉면,물냉면
묵은지닭두루치기,묵은지 닭두루치기
제육김치두루치기,제육 김치 두루치기
제육돌솥비빔밥,제육 돌솥 비빔밥
김치돈육두루치기,김치 돈육 두루치기
느타리버섯무밥,느타리버섯 무밥
나가사키짬뽕,나가사키 짬뽕
베트남쌀국수,베트남 쌀국수
장칼국수,장 칼국수
파채버섯소불고기,파채 버섯 소불고기
유부잔치국수,유부 잔치 국수
버섯콩나물밥,버섯 콩나물밥
버섯무채영양밥,버섯 무채 영양밥
버섯돼지불고기,버섯 돼지 불고기
탄탄면,탄탄면
이북식닭곰탕,이북식 닭곰탕
바지락칼국수,바지락 칼국수
유니짜장면,유니 짜장면
돈육묵채비빔밥,돈육 묵채 비빔밥
북어채해장국,북어채 해장국
햄김치볶음밥,햄 김치 볶음밥
소고기숙주덮밥,소고기 숙주 덮밥
소고기순두부찌개,소고기 순두부찌개
소고기쌀국수,소고기 쌀국수
경성함박스테이크,경성 함박스 테이크
겉절이비빔밥,겉절이 비빔밥
강황밥,강황밥
열무김치비빔국수,열무 김치 비빔국수
얼큰짬뽕,얼큰 짬뽕
간장불고기묵채비빔밥,간장 불고기 묵채 비빔밥
스팸마늘쫑볶음밥,스팸 마늘쫑 볶음밥
가쓰오해물나시고랭,가쓰오 해물 나시고랭
어묵김치찌개,어묵 김치찌개
가라아게파채마요덮밥,가라아게 파채 마요 덮밥
가라아게파채덮밥,가라아게 파채 덮밥
아몬드크럼블포크커틀릿,아몬드 크럼블 포크 커틀릿
경양식오므라이스,경양식 오므라이스
계란한알쫄면,계란 한알 쫄면
구운계란카레라이스,구운 계란 카레라이스
해물잡채덮밥,해물 잡채 덮밥
불고기묵채비빔밥,불고기 묵채 비빔밥
피자치킨까스,피자 치킨 까스
고사리알리오올리오,고사리 알리오 올리오
사골떡만두국,사골 떡만두국
단호박닭볶음탕,단호박 닭 볶음탕
사골왕만두떡국,사골 왕만두 떡국
해물볶음밥,해물 볶음밥
오징어콩나물비빔밥,오징어 콩나물 비빔밥
산채나물비빔밥,산채나물 비빔밥
고구마무스돈까스,고구마무스 돈까스
삼겹살김치찌개,삼겹살 김치찌개
삼겹살콩나물두루치기,삼겹살 콩나물 두루치기
삼색수제비,삼색수제비
고구마닭갈비,고구마 닭갈비
생강장돼지불고기,생강장 돼지 불고기
사골양지칼국수,사골 양지 칼국수
짬뽕덮밥,짬뽕 덮밥
치킨코든블루,치킨 코든블루
매콤열무돈육덮밥,매콤 열무 돈육 덮밥
뚝배기김치우동,뚝배기 김치 우동
짜글이찌개,짜글이 찌개
중화풍볶음짬뽕,중화풍 볶음 짬뽕
치킨마요덮밥,치킨 마요 덮밥
치킨퀘사디아,치킨 퀘사디아
청양풍닭볶음,청양풍 닭 볶음
치즈함박스테이크정식,치즈 함박스테이크 정식
참치캔생야채비빔밥,참치캔 생야채 비빔밥
찜닭,찜닭
돈육고추장볶음,돈육 고추장 볶음
돈목살김치필라프,돈목살 김치 필라프
콩나물국밥,콩나물 국밥
로제치킨까스,로제 치킨 까스
로제파스타,로제 파스타
뚝배기날치알밥,뚝배기 날치 알밥
치즈함박스테이크,치즈 함박 스테이크
치즈부대찌개,치즈 부대찌개
뚝배기버섯소불고기,뚝배기 버섯 소불고기
참치생야채비빔밥,참치 생야채 비빔밥
뚝배기소불고기,뚝배기 소불고기
만두순두부찌개,만두 순두부 찌개
치킨데리야끼덮밥,치킨 데리야끼 덮밥
명란오일파스타,명란 오일 파스타
참나물제육불고기,참나물 제육 불고기
명란마요규동,명란 마요 규동
만두육개장,만두 육개장
참치마요덮밥,참치 마요 덮밥
돈육오징어고추장볶음,돈육 오징어 고추장 볶음
참치김치덮밥,참치 김치 덮밥
명란소고기덮밥,명란 소고기 덮밥
오돈불고기볶음,오돈 불고기 볶음
치킨치즈커틀렛,치킨 치즈 커틀렛
철판볼락한마리구이,철판 볼락 한마리 구이
옛날카케라이스,옛날 카레 라이스
오돈불고기덮밥,오돈 불고기 덮밥
오곡찰밥,오곡 찰밥
철판오징어채소볶음,철판 오징어 채소 볶음
오무하이라이스,오무 하이라이스
오징어돈육고추장볶음,오징어 돈육 고추장 볶음
해물짬뽕탕,해물 짬뽕 탕
철판볶음우동,철판 볶음 우동
치킨커틀릿,치킨 커틀릿
오징어덮밥,오징어 덮밥
해물자장덮밥,해물 자장 덮밥
헬시데이곤약쌀불고기덮밥,곤약쌀 불고기 덮밥
채소짬뽕,채소 짬뽕
오징어돈육두루치기,오징어 돈육두루치기
오징어돈육볶음,오징어 돈육 볶음
찹스테이크머쉬룸크림뇨끼,찹스테이크 머쉬룸 크림 뇨끼
오징어떡채소볶음,오징어 떡 채소 볶음
치킨코든브루,치킨 코든브루
오징어볶음,오징어 볶음
해물야끼소바,해물 야끼소바
철판오징어채소볶음.잡곡밥,철판 오징어 채소 볶음. 잡곡밥
제주고기국수,제주 고기 국수
철판훈제오리,철판 훈제 오리
얼큰돈까스나베,얼큰 돈까스 나베
얼큰깻잎칼국수,얼큰 깻잎 칼국수
얼큰경상도소고기국밥,얼큰 경상도 소고기 국밥
취나물,취나물
취나물밥,취나물밥
취나물버섯밥,취나물 버섯밥
어묵튀김떡볶이,어묵 튀김 떡볶이
취나물버섯영양밥,취나물 버섯 영양밥
치뱅이,치뱅이
어묵전골,어묵 전골
치즈김치돌솥비빔밥,치즈 김치 돌솥비빔밥
황태비빔냉면사골파국,황태 비빔 냉면 사골파국
양지쌀국수,양지 쌀국수
황태짬뽕,황태 짬뽕
치즈김치볶음밥,치즈 김치 볶음밥
훈제오리구이,훈제 오리 구이
아몬드클럼블커틀릿,아몬드 클럼블 커틀릿
치즈깍두기볶음밥,치즈 깍두기 볶음밥
얼큰닭볶음탕,얼큰 닭 볶음탕
얼큰동태찌개,얼큰 동태 찌개
청경채굴소스고기덮밥,청경채 굴소스 고기 덮밥
얼큰소고기버섯샤브전골,얼큰 소고기 버섯 샤브전골
치킨나시고랭,치킨 나시고랭
옛날추억의도시락,옛날 추억의 도시락
오징어비빔밥,오징어 비빔밥
열무비빔냉면,열무 비빔 냉면
초계국수,초계 국수
홍합어묵전골,홍합 어묵 전골
추억의도시락,추억의 도시락
열무돼지고기덮밥,열무돼지고기 덮밥
열무돈육덮밥,열무돈육 덮밥
열무김치비빔밥,열무김치 비빔밥
치킨,치킨
열무김치보리비빔밥,열무 김치 보리 비빔밥
홍합토마토파스타,홍합 토마토 파스타
화이타플래이트,화이타 플래이트
얼큰짬뽕전골,얼큰 짬뽕 전골
황기설렁탕,황기 설렁탕
얼큰순대국밥,얼큰 순대 국밥
치킨가라아게마요덮밥,치킨 가라아게 마요 덮밥
참나물불고기파스타,참나물 불고기 파스타
오징어채소볶음,오징어 채소 볶음
짬뽕순두부찌개,짬뽕 순두부 찌개
즉석떡볶이,즉석 떡볶이
일식카레라이스,일식 카레라이스
일식카레덮밥,일식 카레덮밥
일식카레,일식 카레
일식채소카레,일식 채소 카레
즉석뚝배기날치알밥,즉석뚝배기 날치 알밥
일식비프커리,일식 비프 커리
일식부타야끼우동,일식 부타 야끼 우동
톳영양밥,톳 영양밥
지코바치킨,지코바 치킨
진도리닭볶음탕,진도리 닭 볶음탕
통삼겹살구이정식,통 삼겹살 구이정식
콩국수,콩국수
통삼겹스테이크,통삼겹 스테이크
짜장면,짜장면
콩,콩
아몬드크럼블치킨까스,아몬드 크럼블 치킨 까스
중화풍해물잡채덮밥,중화풍 해물 잡채 덮밥
토마토파스타,토마토 파스타
콩나물돈육불고기,콩나물 돈육 불고기
조기한마리구이,조기 한마리 구이
제육콩나물불고기,제육 콩나물 불고기
콩단백김치볶음밥,콩 단백 김치 볶음밥
제육참나물불고기,제육 참나물 불고기
제육볶음덮밥,제육 볶음 덮밥
제육볶음,제육 볶음
조기구이,조기구이
제육김치볶음,제육 김치 볶음
제육김치두르치기,제육 김치 두루치기
탄두리치킨커리,탄두리 치킨 커리
콩나물불고기,콩나물 불고기
주꾸미팔보채덮밥,주꾸미 팔보채 덮밥
콩나물밥,콩나물 밥
중화볶음밥,중화 볶음밥
중화식버섯잡채덮밥,중화식 버섯잡채 덮밥
중화식잡채덮밥,중화식 잡채덮밥
중화풍버섯잡채밥,중화풍 버섯 잡채밥
통오징어숙회물국수,통오징어 숙회 물국수
투움바리조또,투움바 리조또
옥수수춘천식뼈없는닭갈비,옥수수 춘천식 뼈없는 닭갈비
짬뽕전골,짬뽕 전골
우렁강된장찌개,우렁 강된장 찌개
표고버섯새우볶음밥,표고버섯 새우 볶음밥
찜닭덮밥,찜닭 덮밥
푸팟퐁커리,푸팟퐁 커리
차돌깍두기볶음밥,차돌 깍두기 볶음밥
차돌냉이된장찌개,차돌 냉이 된장 찌개
우렁강된장,우렁 강된장
차돌박이순두부찌개,차돌박이 순두부 찌개
차돌부추돌솥밥,차돌 부추 돌솥밥
왕갈비쌀국수,왕갈비 쌀국수
차돌전복솥밥,차돌 전복 솥밥
올리브토마토파스타,올리브 토마토 파스타
차돌짬뽕,차돌 짬뽕
차슈덮밥,차슈 덮밥
온쫄면,온쫄면
참치김치두부전골,참치 김치 두부 전골
참치김치볶음밥,참치 김치볶음밥
포크커틀릿,포크 커틀릿
우불고기비빔국수,우 불고기 비빔 국수
우삼겹간장비빔국수,우 삼겹 간장 비빔 국수
우삼겹묵은지솥밥,우삼겹 묵은지 솥밥
우엉얼큰소고기버섯칼국수,우엉 얼큰 소고기 버섯 칼국수
콘치즈닭갈비,콘치즈 닭갈비
우삼겹할라피뇨볶음밥,우삼겹 할라피뇨 볶음밥
투움바파스타,투움바 파스타
우삼겹치즈깍두기볶음밥,우삼겹 치즈 깍두기 볶음밥
우삼겹부추돌솥밥,우삼겹 부추 돌솥밥
우삼겹봄동겉절이비빔밥,우삼겹 봄동 겉절이 비빔밥
우삼겹매콤떡볶이,우삼겹 매콤 떡볶이
칠리소시지핫도그,칠리 소시지 핫도그
칼제비,칼제비
우삼겹떡볶이,우삼겹 떡볶이
파이구판,파이구판
파주닭국수,파주 닭국수
칼국수,칼국수
쫄면,쫄면
우삼겹김치볶음밥,우삼겹 김치 볶음밥
통마늘돼지블백,통마늘 돼지블백
70.1%메밀냉소바,70.1% 메밀냉소바
아롱사태스지전골,아롱사태 스지전골
들깨수제비,들깨 수제비
들기름메밀막국수,들기름 메밀막국수
두부카츠채소덮밥,두부 카츠채소 덮밥
두부송정국수,두부 송정국수
되비지찌개,되비지찌개
돼지불백,돼지 불백
돼지두루치기,돼지 두루치기
돼지김치짜글이찌개,돼지 김치 짜글이 찌개
돼지고기두부조림,돼지고기 두부 조림
동태알탕,동태 알탕
돈육파채불고기,돈육 파채 불고기
돈육파채고추장불고기,돈육 파채 고추장 불고기
돈육청경채굴소스덮밥,돈육 청경채 굴소스 덮밥
돈육장조림비빔밥,돈육 장조림 비빔밥
돈육오징어볶음덮밥,돈육 오징어 볶음 덮밥
돈육오징어볶음,돈육 오징어 볶음
돈육오징어덮밥,돈육 오징어 덮밥
돈육숙주볶음,돈육 숙주볶음
돈육생강장볶음,돈육 생강장 볶음
돈육미나리불고기,돈육 미나리 불고기
돈육두부조림,돈육 두부 조림
돈육김치찜,돈육 김치찜
돈육고추장찌개,돈육 고추장 찌개
돈육고추장불고기,돈육 고추장 불고기
돈육간장불고기,돈육 간장 불고기
돈유매실청불고기,돈유 매실청 불고기
돈불고기어린잎비빔밥,돈 불고기 어린잎 비빔밥
돈목살짜장면,돈목살 짜장면
들기름칼국수,들기름 칼국수
들깨칼국수,들깨 칼국수
돈목살간짜장면,돈목살 간짜장면
들깨칼제비,들깨 칼제비
마늘보쌈정식,마늘 보쌈 정식
로제소스치킨커틀릿,로제 소스 치킨 커틀릿
로제마라떡복이,로제 마라 떡볶이
로제돈까스정식,로제 돈까스 정식
로제누들떡볶이,로제 누들 떡볶이
로스트치킨먹물리조또,로스트 치킨 먹물 리조또
로스트반마리치킨,로스트 반 마리치킨
런치스페셜낙삼새,낙삼새
라면사리부대전골,라면 사리 부대 전골
뚝배기홍합파스타,뚝배기 홍합 파스타
뚝배기해물누룽지탕,뚝배기 해물 누룽지탕
뚝배기파스타,뚝배기 파스타
뚝배기토마토파스타,뚝배기 토마토 파스타
뚝배기얼큰김치우동,뚝배기 얼큰 김치 우동
뚝배기수제비,뚝배기 수제비
뚝배기소불고기전골,뚝배기 소불고기 전골
뚝배기소보로비빔밥,뚝배기 소보로 비빔밥
뚝배기소고기짬뽕탕,뚝배기 소고기 짬뽕탕
뚝배기미트볼파스타,뚝배기 미트볼 파스타
뚝배기들깨수제비,뚝배기 들깨 수제비
뚝배기돈육두부조림,뚝배기 돈육 두부 조림
뚝배기감자수제비,뚝배기 감자 수제비
떡볶이돈까스,떡볶이 돈까스
떡볶이돈가스,떡볶이 돈가스
떙초어묵우동,떙초 어묵 우동
땡초어묵우동,땡초 어묵 우동
등촌버섯칼국수,등촌 버섯 칼국수
돈목살깍두기볶음밥,돈목살 깍두기 볶음밥
돈마호크,돈마호크
말복특식닭다리살스테이크정식,닭다리살 스테이크 정식
그린빈삼겹덮밥,그린빈 삼겹 덮밥
교자만두칼국수,교자 만두 칼국수
곤드레영양밥,곤드레 영양밥
곤드레버섯영양밥,곤드레버섯 영양밥
고추장제육불고기,고추장 제육 불고기
고추장제육볶음,고추장 제육 볶음
고사리해장국,고사리 해장국
고등어반마리구이,고등어 반마리 구이
고등어구이정식,고등어 구이 정식
고등어,고등어
고기국수,고기국수
고구마치즈돈까스,고구마 치즈 돈까스
고구마단호박영양밥,고구마 단호박 영양밥
계림마늘닭도리탕,계림 마늘 닭도리탕
계란한알떡볶이,계란 한알 떡볶이
경양식치킨까스정식,경양식 치킨까스 정식
경양식치즈돈까스,경양식 치즈 돈까스
경양식미트볼오므라이스,경양식 미트볼 오므라이스
경양식돈까스정식,경양식 돈까스 정식
갓돈찌개,갓돈 찌개
감자짜글이김치찌개,감자 짜글이 김치 찌개
감자수제비,감자 수제비
감귤장칼국수,감귤 장칼국수
가지덮밥,가지 덮밥
가쓰오볶음우동,가쓰오 볶음 우동
가쓰오꼬치어묵우동,가쓰오 꼬치 어묵 우동
가라아게마요덮밥,가라아게 마요 덮밥
XO볶음밥,XO 볶음밥
교자칼국수,교자 칼국수
그릴함박오므라이스,그릴 함박오 므라이스
돈까스마요덮밥,돈까스 마요 덮밥
금강산매운갈비찜,금강산 매운 갈비찜
도산분식떡볶이,도산분식 떡볶이
대패삼겹살김치찌개,대패 삼겹살 김치찌개
대패삼겹김치찌개,대패 삼겹 김치찌개
대전st황태어글탕,대전 st 황태 어글탕
대동할매국수,대동 할매국수
닭장각삿포로식수프카레,닭장각 삿포로식 수프 카레
닭도리탕,닭도리탕
달래알리오올리오파스타,달래 알리오 올리오 파스타
달래,달래
단호박포타쥬함바그,단호박 포타쥬 함바그
단호박치즈닭갈비,단호박 치즈 닭갈비
니꾸고보우동,니꾸고보 우동
능이버섯삼계탕,능이 버섯 삼계탕
뉴욕핫도그,뉴욕 핫도그
눈꽃치즈돈까스,눈꽃 치즈 돈까스
누룽지닭다리백숙,누룽지 닭다리 백숙
냉이된장찌개,냉이 된장 찌개
냉모밀,냉모밀
날치알크림파스타,날치알 크림 파스타
꽃도리탕,꽃도리탕
꼬막비빔밥,꼬막 비빔밥
깍두기볶음밥,깍두기 볶음밥
김치짜글이찌개,김치 짜글이 찌개
김치우동,김치 우동
김치볶음밥,김치 볶음밥
김치목살필라프,김치 목살 필라프
김치말이국수,김치 말이 국수
마늘찜닭,마늘 찜닭
맑은소고기무국,맑은 소고기 무국
아라비아따파스타,아라비아따 파스타
소고기보양전골,소고기 보양 전골
소고기묵채비빔밥,소고기 묵채 비빔밥
소고기명란마요덮밥,소고기 명란 마요 덮밥
소고기달걀덮밥,소고기 달걀 덮밥
소고기곤드레볶음밥,소고기 곤드레 볶음밥
소고기가지영양밥,소고기 가지 영양밥
생선구이정식,생선 구이 정식
새우볶음밥,새우 볶음밥
새우계란볶음밥,새우 계란 볶음밥
새싹삼갈비탕,새싹삼 갈비탕
삼색도리야끼덮밥,삼색 도리야끼 덮밥
삼겹살고추장구이,삼겹살 고추장구이
산채보리비빔밥,산채 보리 비빔밥
사천해물자장면,사천 해물 자장면
사천자장면,사천 자장면
사천식마파두부덮밥,사천식 마파두부 덮밥
83.7메밀소바,83.7 메밀소바
사골떡국,사골 떡국
비프퀘사디아,비프 퀘사디아
불맛치즈제육볶음,불맛 치즈 제육 볶음
불맛제육덮밥,불맛 제육 덮밥
불맛오징어덮밥,불맛 오징어 덮밥
불고기전골,불고기 전골
불고기이색묵비빔밥,불고기 이색 묵 비빔밥
불고기솥밥,불고기 솥밥
분짜플래터,분짜 플래터
북어채콩나물해장국,북어채 콩나물 해장국
부타야끼우동,부타야끼 우동
소고기버섯전골,소고기 버섯 전골
소고기샤브전골,소고기 샤브 전골
봄나물돌솥비빔밥,봄나물 돌솥 비빔밥
소고기우엉볶음,소고기 우엉 볶음
식물성햄김치볶음밥,식물성 햄 김치 볶음밥
식물성한식교자만두국,식물성 한식 교자 만두국
식물성표고만두순두부찌개,식물성 표고 만두 순두부 찌개
식물성철판제육볶음밥,식물성 철판 제육 볶음밥
식물성짜장면,식물성 짜장면
식물성자장면,식물성 자장면
식물성미트라구소스파스타,식물성 미트 라구 소스 파스타
시래기잡곡밥,시래기 잡곡밥
스팸부대찌개,스팸 부대찌개
스키야끼버섯전골,스키야끼 버섯 전골
스크램블명란마요덮밥,스크램블 명란 마요 덮밥
스지양지설렁탕,스지 양지 설렁탕
스램에그마요덮밥,스팸 에그마요 덮밥
숯불베지고추잡채덮밥,숯불 베지 고추잡채 덮밥
순살치즈치킨까스,순살 치즈 치킨 까스
순살찜닭,순살 찜닭
순살고추장찜닭,순살 고추장 찜닭
순대채소볶음,순대 채소 볶음
수프카레,수프 카레
수육,수육
쇠고기샤브샤브전골,쇠고기 샤브샤브 전골
쇠고기미역국,쇠고기 미역국
소시지카레우동,소시지 카레우동
소불고기솥밥,소불고기 솥밥
소보로돌솥비빔밥,소보로 돌솥 비빔밥
소고기청국장찌개,소고기 청국장 찌개
소고기우육탕면,소고기 우육탕면
부대전골,부대 전골
볼락구이,볼락 구이
매실매실청돈육불고기,매실청 돈육 불고기
미나리곰탕,미나리 곰탕
묵은지닭갈비,묵은지 닭갈비
몽골리안해물볶음우동,몽골리안 해물 볶음 우동
목살필라프,목살 필라프
목살스테이크,목살 스테이크
모듬햄부대찌개,모듬 햄 부대찌개
모듬얼큰어묵전골,모듬 얼큰 어묵 전골
모듬까스,모듬 까스
명란크림우동,명란 크림 우동
명란마요소고기덮밥,명란 마요 소 고기 덮밥
멜팅치즈핫도그,멜팅 치즈 핫도그
멜팅치즈뉴욕핫도그,멜팅 치즈 뉴욕 핫도그
멕시칸돈까스,멕시칸 돈까스
머쉬룸크림파스타,머쉬룸 크림 파스타
머쉬룸리가토니파스타,머쉬룸 리가토니 파스타
매콤항정살덮밥,매콤 항정살 덮밥
매콤콩나물두루치기,매콤 콩나물 두루치기
매콤콩나물돈육불고기,매콤 콩나물 돈육 불고기
매콤제육두부조림,매콤 제육 두부 조림
매콤오징어돌솥비빔밥,매콤 오징어 돌솥 비빔밥
매콤오돈불고기,매콤 오돈 불고기
매콤비빔막국수,매콤 비빔 막국수
매콤돈육두부조림,매콤 돈육 두부조림
매콤닭불고기,매콤 닭 불고기
매콤닭볶음탕,매콤 닭 볶음탕
매콤닭두루치기,매콤 닭 두루치기
매콤고추장삼겹살볶음,매콤 고추장 삼겹살 볶음
매운돈까스정식,매운 돈까스 정식
묵채비빔밥,묵채 비빔밥
미나리나주곰탕,미나리 나주 곰탕
보쌈,보쌈
미나리불고기,미나리 불고기
보리밥정식,보리밥 정식
베트남소고기쌀국수,베트남 소고기 쌀국수
베지버섯순두부찌개,베지 버섯 순두부 찌개
베이컨크림리조또,베이컨 크림 리조또
베이컨바질크림떡볶이,베이컨 바질 크림 떡볶이
버터플라이고등어정식,버터플라이 고등어 정식
버터플라이고등어구이정식,버터플라이 고등어 구이 정식
버터플라이고등어구이,버터플라이 고등어 구이
버섯불고기전골,버섯 불고기 전골
버섯두부전골,버섯 두부 전골
버섯곤드레영양밥,버섯 곤드레 영양밥
백순대볶음,백 순대 볶음
반반카레라이스,반반 카레라이스
반반오므라이스,반반 오므라이스
반반만두전골,반반 만두 전골
반반닭불고기,반반 닭 불고기
반반닭구이,반반 닭 구이
바질페스토파스타,바질 페스토 파스타
바질크림떡볶이,바질 크림 떡볶이
바지락칼제비,바지락 칼제비
바지락순두부찌개,바지락 순두부 찌개
바지락바지락된장찌개,바지락 된장 찌개
미트소스스파게티,미트 소스 스파게티
미트볼뽀모로파스타,미트볼 뽀모로 파스타
미트볼뽀모도로파스타,미트볼 뽀모도로 파스타
미트볼로제스파게티,미트볼 로제 스파게티
미니우동,미니 우동
사과를품은카레,사과를 품은 카레
